{
"COMMENT": "Pac-Man Space Shooter",
"type": "node",
"name": "rootNode",
"scriptFiles": [ "PacSpaceScriptest.js" ],
"userData": { "scripts": ["asteroidsMain"] },

"children":
[
	{
		"COMMENT": "Camera",
		"type": "perspectiveCamera",
		"name": "cam1",
		"eye": [0,0,1000],
		"center": [0,0,0],
		"vup": [0,1,0],
		"fov": 45
	},
	
	{
		"COMMENT": "BACKGROUND --------------------------------------------------------",
		"type": "mesh",
		"name": "background",
		"translate": [0, 0, -0.5],
		"geometry": "plane",
		"width": 1000,
		"height": 800,
		"material": 
		{
			"type": "meshBasicMaterial",
			"name": "backgroundMaterial",
			"color": [0, 0, 0]
		}
	},
	
	{
		"COMMENT": "LEFT",
		"type": "mesh",
		"name": "left",
		"translate": [-500, 0, -0.4],
		"geometry": "plane",
		"width": 2,
		"height": 800,
		"material": 
		{
			"type": "meshBasicMaterial",
			"name": "backgroundMaterial",
			"color": [1, 1, 0]
		}
	},
	
	{
		"COMMENT": "RIGHT",
		"type": "mesh",
		"name": "right",
		"translate": [500, 0, -0.4],
		"geometry": "plane",
		"width": 2,
		"height": 800,
		"material": 
		{
			"type": "meshBasicMaterial",
			"name": "backgroundMaterial",
			"color": [1, 1, 0]
		}
	},
	
	{
		"COMMENT": "SHIP --------------------------------------------------------",
		"type": "mesh",
		"name": "ship",
		"translate": [0, -300, 0],
		"scale": [60, 64, 64],
		"geometry": "sprite",
		"material": 
		{
			"type": "spriteMaterial",
			"name": "spriteMat",
			"color": [1,1,1],
			"map": "theshiphitbox.png"
		},
		"userData": { "velocity": [0,0,0] }
	},
	
	{
		"COMMENT": "SHOTS --------------------------------------------------------",
		"type": "node", 
		"name": "shots",
		"children":
		[
			{
				"type": "mesh",
				"name": "shot",
				"translate": [0, 0, 0],
				"scale": [5, 5, 5],
				"geometry": "sprite",
				"material": 
				{
					"type": "spriteMaterial",
					"name": "spriteMat",
					"color": [1,1,0]
				
				},
				"userData": { "velocity": [0,10,0] }
			}
		]
	},
 {
 "COMMENT": "Asteroid SHOTS --------------------------------------------------------",
 "type": "node",
 "name": "AsteroidShots",
 "children":
 [
  {
  "type": "mesh",
  "name": "AsteroidShot",
  "translate": [0, 0, 0],
  "scale": [5, 5, 5],
  "geometry": "sprite",
  "visible": false,
  "material":
  {
  "type": "spriteMaterial",
  "name": "spriteMat",
  "color": [1,1,0]
  
  },
  "userData": { "velocity": [0,5,0] }
  }
		]
	},
	
	{
 "COMMENT": "PARTICLES --------------------------------------------------------",
		"type": "node", 
		"name": "particles",
		"children":
		[
			{
				"type": "mesh",
				"name": "particle",
				"translate": [600, 800, 0],
				"scale": [2.0, 2.0, 2.0],
				"geometry": "sprite",
				"material": 
				{
					"type": "spriteMaterial",
					"name": "spriteMat",
					"color": [1,1,1],
					"repeat": [0.5,1],
					"offset": [0.5,0]
				},
				"userData": { "velocity": [10,0,0], "desVelocity": [0,0,0] }
			}
		]
	},
	
	{
		"COMMENT": "BANNERS ---------------------------------------------------------",
		"type": "node",
		"name": "banners"
	},
	
	{
		"COMMENT": "BANNER PROTOTYPES --------------------------------------------------",
		"type": "node",
		"name": "bannerPrototypes",
		"children":
		[
			{
				"type": "mesh",
				"name": "easyCherry",
				"translate": [650,80,0],
				"scale": [40,40,40],
				"geometry": "sprite",
				"visible": false,
				"material":
				{
					"type": "spriteMaterial",
					"name": "spriteMat",
					"color": [1,1,1],
					"map": "easy.png"
				}
			},
			{
				"type": "mesh",
				"name": "normalStrawberry",
				"translate": [650,80,0],
				"scale": [80,40,60],
				"geometry": "sprite",
				"visible": false,
				"material":
				{
					"type": "spriteMaterial",
					"name": "spriteMat",
					"color": [1,1,1],
					"map": "normal.png"
				}
			},
			{
				"type": "mesh",
				"name": "hardOrange",
				"translate": [650,80,0],
				"scale": [40,40,40],
				"geometry": "sprite",
				"visible": false,
				"material":
				{
					"type": "spriteMaterial",
					"name": "spriteMat",
					"color": [1,1,1],
					"map": "hard.png"
				}
			},
			{
				"type": "mesh",
				"name": "title",
				"translate": [650,80,0],
				"scale": [800,300,40],
				"geometry": "sprite",
				"visible": false,
				"material":
				{
					"type": "spriteMaterial",
					"name": "spriteMat",
					"color": [1,1,1],
					"map": "title.png"
				}
			}
		]
	},
	
	{
		"COMMENT": "ASTEROIDS --------------------------------------------------------",
		"type": "node", 
		"name": "asteroids"
	},


	{
		"COMMENT": "ASTEROID PROTOTYPES --------------------------------------------------------",
		"type": "node", 
		"name": "asteroidPrototypes",
		"children":
		[
			{
				"type": "mesh",
				"name": "Cherry",
				"translate": [550, 80, 0],
				"scale": [40,40,40],
				"geometry": "sprite",
				"visible": false,
				"material": 
				{
					"type": "spriteMaterial",
					"name": "spriteMat",
					"color": [1,1,1],
					"map": "cherrybuilt.png"
				},
				"userData": { "velocity": [0,-65,0], "minSpeed": 5, "Points": 100, "changeY": 0 }
			},
			{
				"type": "mesh",
				"name": "Strawberry",
				"translate": [600, 40, 0],
				"scale": [40,40,40],
				"geometry": "sprite",
				"visible": false,
				"material": 
				{
					"type": "spriteMaterial",
					"name": "spriteMat",
					"color": [1,1,1],
					"map": "strawberrybuilt.png"
				},
				"userData": { "velocity": [10,-120,0], "rotation": 1, "Points": 200, "changeY": 0 }
			},
			{
				"type": "mesh",
				"name": "Orange",
				"translate": [650, 0, 0],
				"scale": [50,50,50],
				"geometry": "sprite",
				"visible": false,
				"material": 
				{
					"type": "spriteMaterial",
					"name": "spriteMat",
					"color": [1,1,1],
					"map": "orangebuilt.png"
				},
				"userData": { "velocity": [0,-80,0], "rotation": 1, "Points": 10, "changeY": 0 }
			},
			{
				"type": "mesh",
				"name": "Apple",
				"translate": [670, -50, 0],
				"scale": [50,50,50],
				"geometry": "sprite",
				"visible": false,
				"material": 
				{
					"type": "spriteMaterial",
					"name": "spriteMat",
					"color": [1,1,1],
					"map": "applebuilt.png"
				},
				"userData": { "velocity": [100,-50,0], "rotation": 1, "Points": 400, "fires": 1, "fireShot": true, "changeY": 0 }
			},
			{
				"type": "mesh",
				"name": "Melon",
				"translate": [560, 60, 0],
				"scale": [50,50,50],
				"geometry": "sprite",
				"visible": false,
				"material": 
				{
					"type": "spriteMaterial",
					"name": "spriteMat",
					"color": [1,1,1],
					"map": "melonbuilt.png"
				},
				"userData": { "velocity": [-40,-75,0], "rotation": 1, "Points": 800, "changeY": 0 }
			},
			{
				"type": "mesh",
				"name": "GalaxianBoss",
				"translate": [560, 120, 0],
				"scale": [50,50,50],
				"geometry": "sprite",
				"visible": false,
				"material": 
				{
					"type": "spriteMaterial",
					"name": "spriteMat",
					"color": [1,1,1],
					"map": "galaxianbossbuilt.png"
				},
				"userData": { "velocity": [30,-220,0], "rotation": 1, "Points": 1500, "changeY": 0 }
			},
			{
				"type": "mesh",
				"name": "Bell",
				"translate": [580, -60, 0],
				"scale": [50,50,50],
				"geometry": "sprite",
				"visible": false,
				"material": 
				{
					"type": "spriteMaterial",
					"name": "spriteMat",
					"color": [1,1,1],
					"map": "bellbuilt.png"
				},
				"userData": { "velocity": [70,-120,0], "rotation": 1, "Points": 4000, "changeY": 0 }
			},
			{
				"type": "mesh",
				"name": "Key",
				"translate": [590, -120, 0],
				"scale": [50,50,50],
				"geometry": "sprite",
				"visible": false,
				"material": 
				{
					"type": "spriteMaterial",
					"name": "spriteMat",
					"color": [1,1,1],
					"map": "keybuilt.png"
				},
				"userData": { "velocity": [0,-420,0], "waitTime": 1, "rotation": 1, "Points": 8000, "changeY": 0 }
			},
			{
				"type": "mesh",
				"name": "PacMan",
				"translate": [0, 0, 0],
				"scale": [50,50,50],
				"geometry": "sprite",
				"visible": false,
				"material": 
				{
					"type": "spriteMaterial",
					"name": "spriteMat",
					"color": [1,1,1],
					"map": "PacMan.png"
				},
				"userData": { "velocity": [200,0,0], "HP": 45, "rotation": 1, "Points": 100000, "changeY": -100 }
			},
			{
				"type": "mesh",
				"name": "easterEgg",
				"translate": [0, 0, 0],
				"scale": [50,50,50],
				"geometry": "sprite",
				"visible": false,
				"material": 
				{
					"type": "spriteMaterial",
					"name": "spriteMat",
					"color": [1,1,1],
					"map": "easter.png"
				},
				"userData": { "velocity": [200,0,0], "HP": 45, "rotation": 1, "Points": 100000, "changeY": -100 }
			},
			{
				"type": "mesh",
				"name": "Sosa",
				"translate": [550, 80, 0],
				"scale": [200,200,200],
				"geometry": "sprite",
				"visible": false,
				"material": 
				{
					"type": "spriteMaterial",
					"name": "spriteMat",
					"color": [1,1,1],
					"map": "samuri.png"
				},
				"userData": { "velocity": [-50,0,0], "minSpeed": 5, "Points": 0, "changeY": 0 }
			},
			{
				"type": "mesh",
				"name": "Krymzon",
				"translate": [550, 80, 0],
				"scale": [200,200,200],
				"geometry": "sprite",
				"visible": false,
				"material": 
				{
					"type": "spriteMaterial",
					"name": "spriteMat",
					"color": [1,1,1],
					"map": "dragon.png"
				},
				"userData": { "velocity": [-50,0,0], "minSpeed": 5, "Points": 0, "changeY": 0 }
			},
			{
				"type": "mesh",
				"name": "Spaceslug",
				"translate": [550, 80, 0],
				"scale": [200,200,200],
				"geometry": "sprite",
				"visible": false,
				"material": 
				{
					"type": "spriteMaterial",
					"name": "spriteMat",
					"color": [1,1,1],
					"map": "slug.png"
				},
				"userData": { "velocity": [-400,0,0], "minSpeed": 5, "Points": 0, "changeY": 0 }
			},
			{
				"type": "mesh",
				"name": "Rainbow",
				"translate": [550, 80, 0],
				"scale": [200,200,200],
				"geometry": "sprite",
				"visible": false,
				"material": 
				{
					"type": "spriteMaterial",
					"name": "spriteMat",
					"color": [1,1,1],
					"map": "rainbow.png"
				},
				"userData": { "velocity": [-50,0,0], "minSpeed": 5, "Points": 0, "changeY": 0 }
			},
			{
				"type": "mesh",
				"name": "Corona",
				"translate": [550, 80, 0],
				"scale": [200,200,200],
				"geometry": "sprite",
				"visible": false,
				"material": 
				{
					"type": "spriteMaterial",
					"name": "spriteMat",
					"color": [1,1,1],
					"map": "robot.png"
				},
				"userData": { "velocity": [-50,0,0], "minSpeed": 5, "Points": 0, "changeY": 0 }
			},
			{
				"type": "mesh",
				"name": "RealSnakes",
				"translate": [550, 80, 0],
				"scale": [200,200,200],
				"geometry": "sprite",
				"visible": false,
				"material": 
				{
					"type": "spriteMaterial",
					"name": "spriteMat",
					"color": [1,1,1],
					"map": "snake.png"
				},
				"userData": { "velocity": [-50,0,0], "minSpeed": 5, "Points": 0, "changeY": 0 }
			},
			{
				"type": "mesh",
				"name": "Unique",
				"translate": [550, 80, 0],
				"scale": [200,200,200],
				"geometry": "sprite",
				"visible": false,
				"material": 
				{
					"type": "spriteMaterial",
					"name": "spriteMat",
					"color": [1,1,1],
					"map": "penguin.png"
				},
				"userData": { "velocity": [-50,0,0], "minSpeed": 5, "Points": 0, "changeY": 0 }
			},
			{
				"type": "mesh",
				"name": "RowlWool",
				"translate": [550, 80, 0],
				"scale": [200,200,200],
				"geometry": "sprite",
				"visible": false,
				"material": 
				{
					"type": "spriteMaterial",
					"name": "spriteMat",
					"color": [1,1,1],
					"map": "vader.png"
				},
				"userData": { "velocity": [-50,0,0], "minSpeed": 5, "Points": 0, "changeY": 0 }
			},
			{
				"type": "mesh",
				"name": "Dr.Diablos",
				"translate": [550, 80, 0],
				"scale": [200,200,200],
				"geometry": "sprite",
				"visible": false,
				"material": 
				{
					"type": "spriteMaterial",
					"name": "spriteMat",
					"color": [1,1,1],
					"map": "diablos.png"
				},
				"userData": { "velocity": [-50,0,0], "minSpeed": 5, "Points": 0, "changeY": 0 }
			},
			{
				"type": "mesh",
				"name": "DarkPacMan",
				"translate": [550, 80, 0],
				"scale": [50,50,50],
				"geometry": "sprite",
				"visible": false,
				"material": 
				{
					"type": "spriteMaterial",
					"name": "spriteMat",
					"color": [1,1,1],
					"map": "darkpac.png"
				},
				"userData": { "velocity": [-50,0,0], "minSpeed": 5, "Points": -1, "changeY": 0 }
			},
			{
				"type": "mesh",
				"name": "darkKey",
				"translate": [550, 80, 0],
				"scale": [50,50,50],
				"geometry": "sprite",
				"visible": false,
				"material": 
				{
					"type": "spriteMaterial",
					"name": "spriteMat",
					"color": [1,1,1],
					"map": "darkkey.png"
				},
				"userData": { "velocity": [0,-50,0], "HP": 5, "minSpeed": 5, "Points": -5, "changeY": 0 }
			},
			{
				"type": "mesh",
				"name": "darkBell",
				"translate": [580, -60, 0],
				"scale": [50,50,50],
				"geometry": "sprite",
				"visible": false,
				"material": 
				{
					"type": "spriteMaterial",
					"name": "spriteMat",
					"color": [1,1,1],
					"map": "darkbell.png"
				},
				"userData": { "velocity": [-170,-120,0], "rotation": 1, "Points": -5, "changeY": 0 }
			},
			{
				"type": "mesh",
				"name": "darkMelon",
				"translate": [580, -60, 0],
				"scale": [50,50,50],
				"geometry": "sprite",
				"visible": false,
				"material": 
				{
					"type": "spriteMaterial",
					"name": "spriteMat",
					"color": [1,1,1],
					"map": "darkmelon.png"
				},
				"userData": { "velocity": [170,-120,0], "rotation": 1, "Points": -5, "changeY": 0 }
			},
			{
				"type": "mesh",
				"name": "darkGalaxian",
				"translate": [580, -60, 0],
				"scale": [50,50,50],
				"geometry": "sprite",
				"visible": false,
				"material": 
				{
					"type": "spriteMaterial",
					"name": "spriteMat",
					"color": [1,1,1],
					"map": "darkgalaxian.png"
				},
				"userData": { "velocity": [500,-60,0], "rotation": 1, "Points": -5, "changeY": 0 }
			},
			{
				"type": "mesh",
				"name": "darkApple",
				"translate": [580, -60, 0],
				"scale": [50,50,50],
				"geometry": "sprite",
				"visible": false,
				"material": 
				{
					"type": "spriteMaterial",
					"name": "spriteMat",
					"color": [1,1,1],
					"map": "darkapple.png"
				},
				"userData": { "velocity": [15,-420,0], "rotation": 1, "Points": -5, "changeY": 0 }
			},
			{
				"type": "mesh",
				"name": "darkOrange",
				"translate": [580, -60, 0],
				"scale": [50,50,50],
				"geometry": "sprite",
				"visible": false,
				"material": 
				{
					"type": "spriteMaterial",
					"name": "spriteMat",
					"color": [1,1,1],
					"map": "darkorange.png"
				},
				"userData": { "velocity": [50,0,0], "HP": 10, "rotation": 1, "Points": 0, "changeY": 0 }
			},
			{
				"type": "mesh",
				"name": "darkStrawberry",
				"translate": [580, -60, 0],
				"scale": [50,50,50],
				"geometry": "sprite",
				"visible": false,
				"material": 
				{
					"type": "spriteMaterial",
					"name": "spriteMat",
					"color": [1,1,1],
					"map": "darkstrawberry.png"
				},
				"userData": { "velocity": [50,-50,0], "HP": 20, "rotation": 1, "Points": -5, "changeY": 0 }
			},
			{
				"type": "mesh",
				"name": "darkCherry",
				"translate": [580, -60, 0],
				"scale": [50,50,50],
				"geometry": "sprite",
				"visible": false,
				"material": 
				{
					"type": "spriteMaterial",
					"name": "spriteMat",
					"color": [1,1,1],
					"map": "darkcherry.png"
				},
				"userData": { "velocity": [0,-65,0], "rotation": 1, "Points": -5, "changeY": 0 }
			},
			{
				"type": "mesh",
				"name": "red",
				"translate": [580, -60, 0],
				"scale": [50,50,50],
				"geometry": "sprite",
				"visible": false,
				"material": 
				{
					"type": "spriteMaterial",
					"name": "spriteMat",
					"color": [1,1,1],
					"map": "red.png"
				},
				"userData": { "velocity": [0,0,0], "HP":6, "rotation": 1, "Points": 0, "changeY": 0 }
			},
			{
				"type": "mesh",
				"name": "blue",
				"translate": [580, -60, 0],
				"scale": [50,50,50],
				"geometry": "sprite",
				"visible": false,
				"material": 
				{
					"type": "spriteMaterial",
					"name": "spriteMat",
					"color": [1,1,1],
					"map": "blueBuilt.png"
				},
				"userData": { "velocity": [0,0,0], "HP":5, "rotation": 1, "Points": 0, "changeY": 0 }
			},
			{
				"type": "mesh",
				"name": "pink",
				"translate": [580, -60, 0],
				"scale": [50,50,50],
				"geometry": "sprite",
				"visible": false,
				"material": 
				{
					"type": "spriteMaterial",
					"name": "spriteMat",
					"color": [1,1,1],
					"map": "pink.png"
				},
				"userData": { "velocity": [0,0,0], "HP":4, "rotation": 1, "Points": 0, "changeY": 0 }
			},
			{
				"type": "mesh",
				"name": "orangy",
				"translate": [580, -60, 0],
				"scale": [50,50,50],
				"geometry": "sprite",
				"visible": false,
				"material": 
				{
					"type": "spriteMaterial",
					"name": "spriteMat",
					"color": [1,1,1],
					"map": "orangy.png"
				},
				"userData": { "velocity": [0,0,0], "HP":3, "rotation": 1, "Points": 0, "changeY": 0 }
			},
			{
				"type": "mesh",
				"name": "darkRed",
				"translate": [580, -60, 0],
				"scale": [50,50,50],
				"geometry": "sprite",
				"visible": false,
				"material": 
				{
					"type": "spriteMaterial",
					"name": "spriteMat",
					"color": [1,1,1],
					"map": "darkRedBuilt.png"
				},
				"userData": { "velocity": [0,-400,0], "rotation": 1, "Points": 0, "changeY": 0 }
			},
			{
				"type": "mesh",
				"name": "darkBlue",
				"translate": [580, -60, 0],
				"scale": [50,50,50],
				"geometry": "sprite",
				"visible": false,
				"material": 
				{
					"type": "spriteMaterial",
					"name": "spriteMat",
					"color": [1,1,1],
					"map": "darkBlueBuilt.png"
				},
				"userData": { "velocity": [200,-250,0], "rotation": 1, "Points": 0, "changeY": 0 }
			},
			{
				"type": "mesh",
				"name": "darkPink",
				"translate": [580, -60, 0],
				"scale": [50,50,50],
				"geometry": "sprite",
				"visible": false,
				"material": 
				{
					"type": "spriteMaterial",
					"name": "spriteMat",
					"color": [1,1,1],
					"map": "darkPinkBuilt.png"
				},
				"userData": { "velocity": [-250,-200,0], "rotation": 1, "Points": 0, "changeY": 0 }
			},
			{
				"type": "mesh",
				"name": "darkOrangy",
				"translate": [580, -60, 0],
				"scale": [50,50,50],
				"geometry": "sprite",
				"visible": false,
				"material": 
				{
					"type": "spriteMaterial",
					"name": "spriteMat",
					"color": [1,1,1],
					"map": "darkOrangeBuilt.png"
				},
				"userData": { "velocity": [350,0,0], "HP": 1, "rotation": 1, "Points": 0, "changeY": 0 }
			},
			{
				"type": "mesh",
				"name": "DarkPacManBoss",
				"translate": [550, 80, 0],
				"scale": [50,50,50],
				"geometry": "sprite",
				"visible": false,
				"material": 
				{
					"type": "spriteMaterial",
					"name": "spriteMat",
					"color": [1,1,1],
					"map": "darkpac.png"
				},
				"userData": { "velocity": [-300,0,0], "HP": 25, "rotation": 1, "minSpeed": 5, "Points": -1, "changeY": 0 }
			}
			
		]
	}

]
}
		
